{"playerId":3,"playerUid":"","position":[[0.9999990463256836,0.0013815148267894984,0.0],[-0.0013815148267894984,0.9999990463256836,0.0],[0.0,0.0,1.0],[108.05799865722656,1.0,126.79199981689453]]}